id,full_name,first_name,last_name,email,phone,city,country
1,Kim Berry,Chris,Russell,vhill@example.net,633-913-4354x712,Edwardsstad,Kuwait
2,Vicki Reyes,Thomas,Hall,zpatton@example.org,8102391099,Shawnfort,Monaco
3,Jacob Watson,Dominique,Diaz,teresabowers@example.com,315.303.1854,Lake Sarahmouth,Morocco
4,Jack Myers,Paul,Cabrera,burtonsharon@example.net,001-570-567-7989x1911,Port Marilynside,Honduras
5,Ian Taylor,Jacob,Martinez,uhernandez@example.com,(948)336-4628x1501,South Casey,Kiribati
6,Dale Larson,Lauren,Terry,ggonzalez@example.com,001-475-652-1564,West Susanview,Jamaica
7,Thomas Gonzales,Brittany,Nelson,okelly@example.org,950.398.9278x720,New Brianville,Mauritius
8,Aaron English,George,Mcpherson,william69@example.com,+1-811-753-9038,Karenport,Mozambique
9,Danny Hall,Alex,Davis,valerie69@example.org,621.774.6784x174,Derrickmouth,Guam
10,Daniel Wilkerson,Sharon,Williams,jessica73@example.net,(999)921-3055x68643,North Christopher,Costa Rica
11,Charles Pitts,Whitney,Johns,tony23@example.com,001-555-740-2508x159,West Davidmouth,American Samoa
12,Brianna Richards,Ralph,Bird,boydkurt@example.net,(775)270-6551x2235,South Derrick,Guyana
13,Vincent Rodriguez,Shelley,Rivers,richard02@example.net,(775)830-0660,Wesleyfort,Isle of Man
14,Ashley Ford,Alyssa,Oliver,angela70@example.net,5925350164,South Richardtown,Niue
15,Gail Clark,Samuel,Smith,kaylamcintyre@example.org,(915)906-7894x4300,East Jasonshire,Paraguay
16,Jessica White DDS,Ashley,Campbell,joneshenry@example.org,+1-898-918-9360x640,North Gregoryside,Benin
17,Brian Thompson,Eric,Welch,ygarcia@example.com,(852)231-5150,Danfurt,Somalia
18,Timothy Jones,Madeline,Hughes,thomasjennifer@example.net,952-241-6729,Port Maureen,Tajikistan
19,Tommy Ward,Brady,Nelson,zhenson@example.com,+1-396-951-8926x841,Lisaland,Japan
20,Brittney Cook,Erin,Chen,bwalsh@example.com,577.323.7754x06719,North Justinchester,Mexico
21,John Johnson MD,Stephen,Vega,shawngiles@example.org,738-967-2787,North Jasonchester,Ethiopia
22,Nicole Vaughn,Jesse,Owens,nrichards@example.com,605-478-2184x48672,East Michaelview,Latvia
23,Bryan Hamilton,Timothy,Schmidt,aguilardaniel@example.org,487.250.4621,New Lisa,Ukraine
24,Lindsey Gibbs,Thomas,Stokes,carrandrew@example.org,5088561437,Whiteton,Ukraine
25,Ashley Ruiz,Michael,Bowen,murillojack@example.com,+1-576-293-1369x9116,Port Jamesport,British Indian Ocean Territory (Chagos Archipelago)
26,Michael Schwartz,Betty,Kline,kaylalee@example.net,(906)421-7353x1187,Tranborough,Croatia
27,Oscar Jordan,Leslie,Bennett,lozanolatasha@example.net,669.966.9560x34700,Alvarezhaven,Mauritius
28,Scott Rivera,Clinton,Pearson,williamswilliam@example.com,668.966.3438,Bowmanfurt,Cocos (Keeling) Islands
29,Christopher Garcia,Daniel,Kennedy,ashley62@example.org,+1-998-688-1543,South Paul,Libyan Arab Jamahiriya
30,Joanna Robinson,Kara,Vazquez,charles23@example.com,001-249-537-7688x31023,Port Christieland,Jersey
31,Gary Hall,Thomas,Hamilton,slane@example.net,730-205-1209,Jessicamouth,Haiti
32,Anna Hernandez,Alexander,Miller,copelandbailey@example.org,755.409.4633,South Kevintown,Papua New Guinea
33,Nancy Carney,Robert,Figueroa,jacobsjerry@example.com,884.856.8583x2671,Port Craigmouth,Liberia
34,Allison Vincent,Lauren,Turner,michellerhodes@example.org,720-342-3548x0845,Malikstad,Holy See (Vatican City State)
35,Jeffrey Salazar,Jean,Sherman,xhutchinson@example.com,(941)802-0271x4296,West Monicaville,Jamaica
36,Susan Jacobson,Richard,Dickson,briangill@example.org,575-490-9177x13298,Williamsonhaven,Christmas Island
37,Lisa Francis,Shane,Ford,mcdowellcatherine@example.com,+1-559-524-2572x776,North Haleyville,New Caledonia
38,Randall Martinez,Phillip,West,yvettenelson@example.com,001-483-993-8832,Anthonyport,Uruguay
39,Hannah West,Candice,Sullivan,etucker@example.com,(677)926-1663,East Melissa,Myanmar
40,Charles Dunlap,Tina,Mullen,susanrodriguez@example.org,6375025039,Port Lisa,Ghana
41,Adrian Cook,Alexander,Clarke,ocobb@example.com,(963)906-8872x2194,North Melissaport,Netherlands
42,Garrett Fuller,Christopher,Murphy,andrewfoley@example.org,786.840.7249x085,Andreamouth,Kenya
43,Billy Johnson,Leslie,Ramirez,raymond15@example.org,+1-752-824-8270x7756,Johnport,Taiwan
44,Mr. William Cole,Thomas,Smith,johnsonjames@example.net,609-491-4665,Kelleyfurt,Myanmar
45,Sean Williams PhD,Robert,Watson,brian03@example.net,830.455.1524,West Melissamouth,Serbia
46,Keith Hernandez,Kimberly,Quinn,avilajames@example.org,242.667.2998,Gabrielstad,Tonga
47,Karen Pacheco,Joseph,Torres,valenciakristina@example.com,(923)283-4210x85356,North Antonio,Haiti
48,William Murray,Jennifer,Rivas,brianna36@example.com,+1-246-297-7798,New Stephaniechester,Bolivia
49,Stacie Humphrey,Sheila,Jackson,davisjohn@example.org,722-621-4844x0884,South Isabelmouth,Saint Helena
50,Ronald Carr,Courtney,Espinoza,christinaherrera@example.org,413.716.5531x289,Heatherview,Tajikistan
51,Herbert Campbell,Valerie,Wolf,mary12@example.com,+1-962-358-4436,Stefanieborough,Vanuatu
52,Dr. Erin Santiago MD,Joseph,Aguilar,jasminewilson@example.org,260.547.7960,Samuelberg,Faroe Islands
53,Kenneth Hernandez,Joseph,Yates,sarah68@example.net,756.215.8286x8408,North Carolstad,South Georgia and the South Sandwich Islands
54,Amy Reese,Karen,Hall,laura32@example.com,001-769-696-4445x5039,West Christinaland,Puerto Rico
55,Mary Sanchez,Brady,Johnson,browncynthia@example.org,(568)540-8638x3539,Port Christopher,Dominican Republic
56,Joanna Singh,Lynn,Harvey,ojones@example.net,001-598-706-7894x61702,South Mary,Georgia
57,Elizabeth Johns,William,Fernandez,dperry@example.com,(323)522-6118x96458,New Sean,Faroe Islands
58,Derrick Liu,Patricia,Burgess,bphelps@example.net,849.817.0167x16134,Mcfarlandchester,Jersey
59,Evelyn Wallace,Victoria,Peterson,nhowe@example.org,342.587.0961,Browningmouth,Oman
60,Andrew Arias,Christopher,Salinas,yspears@example.com,319.330.7295x39778,Andrewton,Bosnia and Herzegovina
61,Nancy Christensen,Ian,Brown,francis19@example.org,554-363-5563x45852,Santosburgh,Tokelau
62,Jason Escobar,Stephen,Mcdowell,groberts@example.net,+1-293-652-6576,Jasminemouth,Saint Vincent and the Grenadines
63,Toni Bass,Veronica,Johnson,lewisjames@example.net,(495)327-9716x0140,Morrishaven,Japan
64,Amber Macdonald,Joel,Snyder,psharp@example.com,638.336.8004,Port Leonard,Palau
65,Jonathan Mann,Kimberly,Stephens,mwilliams@example.org,(841)649-8412,South James,Monaco
66,John Freeman,Ann,Church,schneidersarah@example.net,001-315-742-6965x315,Craigburgh,Cayman Islands
67,Douglas Kelley,Melinda,Villegas,carloswilliams@example.net,+1-901-538-3267x493,East Stevenmouth,Hungary
68,Gregory Randall IV,Patricia,Rodgers,amandathomas@example.com,341.321.4943,West Stephenfort,New Caledonia
69,Jennifer Romero,Daniel,Ford,crawforddeanna@example.net,341.861.6718,Lake Christopher,North Macedonia
70,Anthony Scott,Patrick,Knight,kevinbrandt@example.net,880.361.1660x064,Molinamouth,Norway
71,Tara Lewis,Seth,Flynn,melendezevan@example.net,401.674.2328x51226,West Brittney,Colombia
72,Sharon Russell,Cristian,Flores,bzamora@example.com,001-590-597-5517x32825,East Samantha,Paraguay
73,Misty Mccormick,John,Brown,hbarajas@example.net,374.864.7024x815,New Kimberly,Ethiopia
74,Dennis Richardson,Andrea,Smith,davidmitchell@example.org,+1-511-244-3465x36958,Josephville,Zimbabwe
75,Mr. Vincent Ramos,Frank,Garcia,merrittalvin@example.net,6366564481,East Jessicachester,Macao
76,Melissa Bauer,Ashley,Knapp,murphychristopher@example.org,327.487.7457x7790,Lauraside,Lithuania
77,Matthew Smith,Felicia,Alvarez,craig46@example.com,6623231362,South Micheleville,Kazakhstan
78,Robert Robinson,Sherry,Montgomery,ssellers@example.com,(854)305-0263x8414,Alyssamouth,Congo
79,Samantha Moore,Amber,Smith,joyceromero@example.org,387-996-7236x23931,Lake Vickimouth,Tunisia
80,Kenneth Washington,Thomas,Frazier,mclaughlinrobert@example.net,001-797-439-1280,Karenshire,Saint Martin
81,Nathan Carter,Kathleen,Steele,philip92@example.net,001-302-437-5544x92166,East Teresastad,Western Sahara
82,Jessica Francis,Steve,West,jennifer19@example.com,(700)485-4766x29142,Shermanfurt,Saint Martin
83,Thomas Hall,Amanda,Jones,ygardner@example.net,(799)614-6960,Danielmouth,Saint Martin
84,Jessica Tucker,Holly,Pittman,xbush@example.org,3986862438,New Louisland,French Polynesia
85,Lori Young,Heather,Mccormick,revans@example.org,241.801.2883x305,Kristenbury,Andorra
86,Angela Scott,Marcus,Turner,timothy51@example.net,324-301-4251x65816,Johnfort,Russian Federation
87,Vicki Miller,David,Walton,sstone@example.org,617-884-2873x59428,Meganstad,Ukraine
88,Tina Barrera,Brittney,Lopez,emily20@example.org,(923)517-4158,East Leslie,American Samoa
89,Angie Jackson,Brandon,Mckinney,jbrooks@example.org,001-490-315-5316x82314,Marissashire,Libyan Arab Jamahiriya
90,William Morgan,Susan,Decker,chris45@example.net,+1-330-889-3236x8380,North Curtisfurt,Falkland Islands (Malvinas)
91,Anthony Alexander,Kristine,Sandoval,hmack@example.com,+1-214-309-5061x7299,North Savannah,Zambia
92,Michelle Leonard,Kevin,Carlson,laurenbutler@example.org,001-473-588-3826x066,New Lance,Central African Republic
93,Brenda Pierce,Jeffrey,Jones,garciaguy@example.org,(661)727-8700x906,Lake Cynthia,Liberia
94,Tony Atkins,Kelly,Bradshaw,kacosta@example.org,994-856-4770x6794,North Stacyfurt,Equatorial Guinea
95,Christina Gomez,Amy,Walker,ann55@example.org,7319748807,Escobarview,Mexico
96,Nicholas Mcclain,Joshua,Robinson,amandastone@example.org,+1-565-931-4498x389,Jonesland,Maldives
97,Benjamin Horne,Pamela,Higgins,matthewsanthony@example.org,536.987.5205,Earlville,Saint Vincent and the Grenadines
98,Elizabeth Lane,Kimberly,Gonzalez,dgraves@example.net,8985620201,Dickersonstad,Thailand
99,Crystal Clark,Anthony,Ray,theresanelson@example.net,8764080557,Tammiestad,Antigua and Barbuda
100,Timothy Solis,Todd,Good,barrettomar@example.com,(779)480-8210,North Amandashire,Somalia
101,Beth Garcia,Anna,Rodriguez,daniel04@example.org,(621)489-7816x09621,Port Kelliside,Lithuania
102,Christopher Mitchell,Robert,White,ewalker@example.com,521-913-8339x631,East Courtneytown,Congo
103,Mary Garrison,Darrell,Peterson,eric19@example.com,657.462.3530,Lake Jason,Antigua and Barbuda
104,Kelsey Duncan,Nicole,Kelly,williamsjason@example.org,804-256-7510x751,Shelleyton,Mali
105,John Avila,Angela,Herring,susan82@example.net,591.916.4895x429,New Rebecca,Cook Islands
106,Joan Wood,Claire,Willis,jorge43@example.org,637.225.1295,Wilsonstad,El Salvador
107,Erin Hernandez,Christian,Barker,danielhansen@example.com,+1-220-804-4636x36107,Jamesview,Trinidad and Tobago
108,Leon Banks,Nicholas,Freeman,mcguirebrandy@example.com,(846)336-9024x321,Cooperville,Bulgaria
109,William Martin,Joseph,Powell,alvarezsteve@example.net,+1-562-230-6848x43758,East Donaldbury,Kazakhstan
110,Shawn Hughes,Jessica,Bradley,austinmiller@example.org,937-439-6046x9241,South Anthony,United States Virgin Islands
111,Teresa Henry,Shannon,Robinson,vrogers@example.org,209.436.6036,Chasefort,Germany
112,David Brown,Robert,Freeman,kspears@example.net,9733014762,Benjaminville,Czech Republic
113,Eric Jones,Penny,Hill,brittneyturner@example.com,636.256.9822x879,Shaunburgh,Iceland
114,Bradley Higgins,Cindy,Moore,nathan16@example.com,(293)491-0390x4023,Michelefort,Antarctica (the territory South of 60 deg S)
115,Robert Stark,Heather,Sanchez,markcole@example.net,940.431.8127x518,Robinsonfurt,Jersey
116,Howard Meyer,Kathleen,Hodge,brittanyroberts@example.org,311.510.7324x18120,North Stevenburgh,Ukraine
117,Jennifer Golden,Rachel,Rangel,howardtina@example.org,970.334.0246,North Christopher,Bahamas
118,Lauren Acosta,Brianna,Gomez,danieltaylor@example.net,596.215.7278,Sparkstown,Cambodia
119,Jeffrey Allen,Cody,Clark,catherinemorris@example.net,001-834-945-3876x83218,South Andrea,Thailand
120,Andre Hughes,Erica,Hall,alicia04@example.org,426-625-5348x17964,Michaelshire,Cyprus
121,Lisa Martinez,Evelyn,Ortega,ddavies@example.org,(348)854-9425x97828,Lake Amandaview,Saint Barthelemy
122,Michael Vazquez MD,Gordon,Rogers,steven94@example.org,423-751-5975,East Sandraview,Qatar
123,Stephanie Eaton,Beth,Green,fcarey@example.com,001-353-824-5927x0303,West Mariatown,Canada
124,Gary Tran,Keith,Elliott,torresamy@example.net,987-476-1250x7007,North Ashley,Namibia
125,Danielle Monroe,Timothy,Nguyen,smithgail@example.com,(879)598-7594,Gonzalezchester,Guyana
126,Jason Lopez,Michael,Green,brittanywilliams@example.com,(685)964-9937x590,Kevinview,Fiji
127,John Wise,Robert,Delgado,michaelcrane@example.org,+1-428-860-7322x8001,North Mary,Togo
128,Alan Peterson,Anthony,Green,fordpaul@example.net,361-542-9989,Bentleyside,Germany
129,Cory Martinez,Kimberly,Martinez,brownstephanie@example.net,7098546707,Bruceberg,United States Virgin Islands
130,Sally Perez,Ruth,Torres,kimberly91@example.net,6265916113,Port Brittanystad,Tanzania
131,Angela Smith,Tanner,Cannon,pmiller@example.com,001-894-584-2266,Johnsonfort,French Southern Territories
132,Colton Rodriguez,Jacqueline,Williams,ztodd@example.org,(935)909-4968x6296,East James,Antigua and Barbuda
133,Mindy Lewis,Amy,Martin,qgray@example.org,(239)446-4382x8251,South Gabriellamouth,Macao
134,James Washington,Richard,Fowler,kristen72@example.net,(808)999-4938,West Shannon,Croatia
135,David Santos,Jose,Young,cindydelacruz@example.com,825.527.6093x382,Weaverland,Cambodia
136,Andre Flowers,Paula,Gibson,jennifer32@example.com,606-736-4093,North Kellyfort,Western Sahara
137,Suzanne Mccoy MD,Brenda,Kent,bryan29@example.net,+1-739-289-3023x67603,Brownville,Aruba
138,Andrew Stephens,Monica,Rocha,tammytorres@example.com,(689)735-9691x28258,Trujilloside,Saint Martin
139,Travis Horton,Kevin,Pearson,vanessa25@example.com,772.625.8108,North Luisborough,Bermuda
140,Bobby Harrell,Joseph,Ponce,brian94@example.com,350.892.4319x860,Johnfort,Bahrain
